{"cameraMode":{"drawMode":0,"name":"Shaded","section":"Shading Mode"},"sceneLighting":false,"audioPlay":false,"sceneViewState":{"showFog":true,"showMaterialUpdate":false,"showSkybox":true,"showFlares":true,"showImageEffects":true,"showParticleSystems":true},"in2DMode":false,"pivot":{"x":25.0,"y":3.4346890449523927,"z":29.852235794067384},"rotation":{"x":-0.40281665325164797,"y":0.17562133073806764,"z":0.07906503230333328,"w":0.8947875499725342},"size":12.643126487731934,"orthographic":true}