{"cameraMode":{"drawMode":0,"name":"Shaded","section":"Shading Mode"},"sceneLighting":false,"audioPlay":false,"sceneViewState":{"showFog":true,"showMaterialUpdate":false,"showSkybox":true,"showFlares":true,"showImageEffects":true,"showParticleSystems":true},"in2DMode":false,"pivot":{"x":34.8832893371582,"y":2.7782065868377687,"z":36.710479736328128},"rotation":{"x":0.046849120408296588,"y":0.9496265649795532,"z":-0.2570068836212158,"w":0.17309556901454926},"size":2.8434901237487795,"orthographic":true}