{"cameraMode":{"drawMode":0,"name":"Shaded","section":"Shading Mode"},"sceneLighting":false,"audioPlay":false,"sceneViewState":{"showFog":true,"showMaterialUpdate":false,"showSkybox":true,"showFlares":true,"showImageEffects":true,"showParticleSystems":true},"in2DMode":false,"pivot":{"x":-3.509416103363037,"y":1.2605113983154297,"z":-5.492336750030518},"rotation":{"x":-0.019421540200710298,"y":0.9603869915008545,"z":-0.26922038197517397,"w":-0.06928190588951111},"size":6.090738296508789,"orthographic":true}