{"cameraMode":{"drawMode":0,"name":"Shaded","section":"Shading Mode"},"sceneLighting":false,"audioPlay":false,"sceneViewState":{"showFog":true,"showMaterialUpdate":false,"showSkybox":true,"showFlares":true,"showImageEffects":true,"showParticleSystems":true},"in2DMode":false,"pivot":{"x":-31.610000610351564,"y":-53.27000045776367,"z":-41.1703987121582},"rotation":{"x":0.0795181542634964,"y":-0.23427380621433259,"z":0.019231753423810006,"w":0.9687222838401794},"size":0.2300979197025299,"orthographic":true}