{"cameraMode":{"drawMode":0,"name":"Shaded","section":"Shading Mode"},"sceneLighting":false,"audioPlay":false,"sceneViewState":{"showFog":true,"showMaterialUpdate":false,"showSkybox":true,"showFlares":true,"showImageEffects":true,"showParticleSystems":true},"in2DMode":false,"pivot":{"x":76.13058471679688,"y":1.2605113983154297,"z":17.920000076293947},"rotation":{"x":0.009464171715080738,"y":-0.8558681607246399,"z":0.01567225530743599,"w":0.5168699622154236},"size":7.790244102478027,"orthographic":true}