{"cameraMode":{"drawMode":0,"name":"Shaded","section":"Shading Mode"},"sceneLighting":false,"audioPlay":false,"sceneViewState":{"showFog":true,"showMaterialUpdate":false,"showSkybox":true,"showFlares":true,"showImageEffects":true,"showParticleSystems":true},"in2DMode":false,"pivot":{"x":-7.689034461975098,"y":1.276923656463623,"z":-1.3623369932174683},"rotation":{"x":0.0795181542634964,"y":-0.23427380621433259,"z":0.019231753423810006,"w":0.9687222838401794},"size":7.289426803588867,"orthographic":true}