{"cameraMode":{"drawMode":0,"name":"Shaded","section":"Shading Mode"},"sceneLighting":false,"audioPlay":false,"sceneViewState":{"showFog":true,"showMaterialUpdate":false,"showSkybox":true,"showFlares":true,"showImageEffects":true,"showParticleSystems":true},"in2DMode":false,"pivot":{"x":32.35563278198242,"y":3.149534225463867,"z":36.55549621582031},"rotation":{"x":0.0338539257645607,"y":0.3158811926841736,"z":0.011278221383690834,"w":-0.9481275677680969},"size":4.739264488220215,"orthographic":true}