{"cameraMode":{"drawMode":0,"name":"Shaded","section":"Shading Mode"},"sceneLighting":false,"audioPlay":false,"sceneViewState":{"showFog":true,"showMaterialUpdate":false,"showSkybox":true,"showFlares":true,"showImageEffects":true,"showParticleSystems":true},"in2DMode":false,"pivot":{"x":2.5379364490509035,"y":1.8145054578781129,"z":0.17152950167655946},"rotation":{"x":0.15347883105278016,"y":0.8462422490119934,"z":-0.3487444519996643,"w":0.3724185824394226},"size":22.0,"orthographic":true}