{"cameraMode":{"drawMode":0,"name":"Shaded","section":"Shading Mode"},"sceneLighting":false,"audioPlay":false,"sceneViewState":{"showFog":true,"showMaterialUpdate":false,"showSkybox":true,"showFlares":true,"showImageEffects":true,"showParticleSystems":true},"in2DMode":false,"pivot":{"x":49.95000076293945,"y":3.7200000286102297,"z":30.0},"rotation":{"x":-0.006173964124172926,"y":0.9871599674224854,"z":-0.039410997182130817,"w":-0.154673233628273},"size":3.675471305847168,"orthographic":true}