{"cameraMode":{"drawMode":0,"name":"Shaded","section":"Shading Mode"},"sceneLighting":false,"audioPlay":false,"sceneViewState":{"showFog":true,"showMaterialUpdate":false,"showSkybox":true,"showFlares":true,"showImageEffects":true,"showParticleSystems":true},"in2DMode":false,"pivot":{"x":-7.828908920288086,"y":1.276923656463623,"z":-1.3623369932174683},"rotation":{"x":-0.15112201869487763,"y":0.8414705395698547,"z":-0.4224851131439209,"w":-0.3009914457798004},"size":4.159311771392822,"orthographic":true}