{"cameraMode":{"drawMode":0,"name":"Shaded","section":"Shading Mode"},"sceneLighting":false,"audioPlay":false,"sceneViewState":{"showFog":true,"showMaterialUpdate":false,"showSkybox":true,"showFlares":true,"showImageEffects":true,"showParticleSystems":true},"in2DMode":false,"pivot":{"x":16.16680145263672,"y":1.4526562690734864,"z":16.881195068359376},"rotation":{"x":0.0836561918258667,"y":-0.7150745391845703,"z":0.08687882125377655,"w":0.6885653138160706},"size":0.4481544494628906,"orthographic":true}