{"cameraMode":{"drawMode":0,"name":"Shaded","section":"Shading Mode"},"sceneLighting":false,"audioPlay":false,"sceneViewState":{"showFog":true,"showMaterialUpdate":false,"showSkybox":true,"showFlares":true,"showImageEffects":true,"showParticleSystems":true},"in2DMode":false,"pivot":{"x":8.439302444458008,"y":1.265295147895813,"z":2.3911359310150148},"rotation":{"x":-0.16060791909694673,"y":0.1710791289806366,"z":-0.028277762234210969,"w":-0.9716673493385315},"size":7.623997211456299,"orthographic":true}