{"cameraMode":{"drawMode":0,"name":"Shaded","section":"Shading Mode"},"sceneLighting":false,"audioPlay":false,"sceneViewState":{"showFog":true,"showMaterialUpdate":false,"showSkybox":true,"showFlares":true,"showImageEffects":true,"showParticleSystems":true},"in2DMode":false,"pivot":{"x":-22.149999618530275,"y":-16.187053680419923,"z":-8.297999382019043},"rotation":{"x":-0.3222846984863281,"y":0.5189655423164368,"z":-0.21991057693958283,"w":-0.7605568170547485},"size":2.812000036239624,"orthographic":true}