{"cameraMode":{"drawMode":0,"name":"Shaded","section":"Shading Mode"},"sceneLighting":false,"audioPlay":false,"sceneViewState":{"showFog":true,"showMaterialUpdate":false,"showSkybox":true,"showFlares":true,"showImageEffects":true,"showParticleSystems":true},"in2DMode":false,"pivot":{"x":0.019748687744140626,"y":4.266950607299805,"z":-0.09506034851074219},"rotation":{"x":0.054094698280096057,"y":0.63105309009552,"z":-0.04418313130736351,"w":0.772588849067688},"size":152.54127502441407,"orthographic":true}